Game ID,Move Number,Row,Col,Action,Board State,Mines Flagged,Hidden Cells,Safe,Game Outcome
4384498352,1,0,0,r,"[['-', '-', '-', '-', '-', '-', '-', '-'], ['-', '-', '-', '-', '-', '-', '-', '-'], ['-', '-', '-', '-', '-', '-', '-', '-'], ['-', '-', '-', '-', '-', '-', '-', '-'], ['-', '-', '-', '-', '-', '-', '-', '-'], ['-', '-', '-', '-', '-', '-', '-', '-'], ['-', '-', '-', '-', '-', '-', '-', '-'], ['-', '-', '-', '-', '-', '-', '-', '-']]",0,64,False,Bayesian
4384498352,2,2,2,r,"[['(0)', '(1)', '-', '-', '-', '-', '-', '-'], ['(0)', '(1)', '-', '-', '-', '-', '-', '-'], ['(0)', '(1)', '-', '-', '-', '-', '-', '-'], ['(1)', '(2)', '-', '-', '-', '-', '-', '-'], ['-', '-', '-', '-', '-', '-', '-', '-'], ['-', '-', '-', '-', '-', '-', '-', '-'], ['-', '-', '-', '-', '-', '-', '-', '-'], ['-', '-', '-', '-', '-', '-', '-', '-']]",0,56,False,Bayesian
4384498352,3,1,3,r,"[['(0)', '(1)', '-', '-', '-', '-', '-', '-'], ['(0)', '(1)', '-', '-', '-', '-', '-', '-'], ['(0)', '(1)', '(1)', '-', '-', '-', '-', '-'], ['(1)', '(2)', '-', '-', '-', '-', '-', '-'], ['-', '-', '-', '-', '-', '-', '-', '-'], ['-', '-', '-', '-', '-', '-', '-', '-'], ['-', '-', '-', '-', '-', '-', '-', '-'], ['-', '-', '-', '-', '-', '-', '-', '-']]",0,55,False,Bayesian
4384498352,4,3,3,r,"[['(0)', '(1)', '-', '-', '-', '-', '-', '-'], ['(0)', '(1)', '-', '(3)', '-', '-', '-', '-'], ['(0)', '(1)', '(1)', '-', '-', '-', '-', '-'], ['(1)', '(2)', '-', '-', '-', '-', '-', '-'], ['-', '-', '-', '-', '-', '-', '-', '-'], ['-', '-', '-', '-', '-', '-', '-', '-'], ['-', '-', '-', '-', '-', '-', '-', '-'], ['-', '-', '-', '-', '-', '-', '-', '-']]",0,54,False,Bayesian
4384498352,5,2,3,r,"[['(0)', '(1)', '-', '-', '-', '-', '-', '-'], ['(0)', '(1)', '-', '(3)', '-', '-', '-', '-'], ['(0)', '(1)', '(1)', '-', '-', '-', '-', '-'], ['(1)', '(2)', '-', '(3)', '-', '-', '-', '-'], ['-', '-', '-', '-', '-', '-', '-', '-'], ['-', '-', '-', '-', '-', '-', '-', '-'], ['-', '-', '-', '-', '-', '-', '-', '-'], ['-', '-', '-', '-', '-', '-', '-', '-']]",0,53,False,Bayesian
4384498352,6,1,4,r,"[['(0)', '(1)', '-', '-', '-', '-', '-', '-'], ['(0)', '(1)', '-', '(3)', '-', '-', '-', '-'], ['(0)', '(1)', '(1)', '(2)', '-', '-', '-', '-'], ['(1)', '(2)', '-', '(3)', '-', '-', '-', '-'], ['-', '-', '-', '-', '-', '-', '-', '-'], ['-', '-', '-', '-', '-', '-', '-', '-'], ['-', '-', '-', '-', '-', '-', '-', '-'], ['-', '-', '-', '-', '-', '-', '-', '-']]",0,52,False,Bayesian
4384498352,7,0,5,r,"[['(0)', '(1)', '-', '-', '-', '-', '-', '-'], ['(0)', '(1)', '-', '(3)', '(2)', '-', '-', '-'], ['(0)', '(1)', '(1)', '(2)', '-', '-', '-', '-'], ['(1)', '(2)', '-', '(3)', '-', '-', '-', '-'], ['-', '-', '-', '-', '-', '-', '-', '-'], ['-', '-', '-', '-', '-', '-', '-', '-'], ['-', '-', '-', '-', '-', '-', '-', '-'], ['-', '-', '-', '-', '-', '-', '-', '-']]",0,51,False,Bayesian
4384498352,8,0,6,r,"[['(0)', '(1)', '-', '-', '-', '(1)', '-', '-'], ['(0)', '(1)', '-', '(3)', '(2)', '-', '-', '-'], ['(0)', '(1)', '(1)', '(2)', '-', '-', '-', '-'], ['(1)', '(2)', '-', '(3)', '-', '-', '-', '-'], ['-', '-', '-', '-', '-', '-', '-', '-'], ['-', '-', '-', '-', '-', '-', '-', '-'], ['-', '-', '-', '-', '-', '-', '-', '-'], ['-', '-', '-', '-', '-', '-', '-', '-']]",0,50,False,Bayesian
4384498352,9,2,4,f,"[['(0)', '(1)', '-', '-', '-', '(1)', '(0)', '(0)'], ['(0)', '(1)', '-', '(3)', '(2)', '(2)', '(0)', '(0)'], ['(0)', '(1)', '(1)', '(2)', '-', '(1)', '(0)', '(0)'], ['(1)', '(2)', '-', '(3)', '-', '(3)', '(2)', '(1)'], ['-', '-', '-', '-', '-', '-', '-', '-'], ['-', '-', '-', '-', '-', '-', '-', '-'], ['-', '-', '-', '-', '-', '-', '-', '-'], ['-', '-', '-', '-', '-', '-', '-', '-']]",0,39,False,Flag
4384498352,10,3,4,r,"[['(0)', '(1)', '-', '-', '-', '(1)', '(0)', '(0)'], ['(0)', '(1)', '-', '(3)', '(2)', '(2)', '(0)', '(0)'], ['(0)', '(1)', '(1)', '(2)', 'F', '(1)', '(0)', '(0)'], ['(1)', '(2)', '-', '(3)', '-', '(3)', '(2)', '(1)'], ['-', '-', '-', '-', '-', '-', '-', '-'], ['-', '-', '-', '-', '-', '-', '-', '-'], ['-', '-', '-', '-', '-', '-', '-', '-'], ['-', '-', '-', '-', '-', '-', '-', '-']]",1,38,False,Safe
4384498352,11,0,4,f,"[['(0)', '(1)', '-', '-', '-', '(1)', '(0)', '(0)'], ['(0)', '(1)', '-', '(3)', '(2)', '(2)', '(0)', '(0)'], ['(0)', '(1)', '(1)', '(2)', 'F', '(1)', '(0)', '(0)'], ['(1)', '(2)', '-', '(3)', '(3)', '(3)', '(2)', '(1)'], ['-', '-', '-', '-', '-', '-', '-', '-'], ['-', '-', '-', '-', '-', '-', '-', '-'], ['-', '-', '-', '-', '-', '-', '-', '-'], ['-', '-', '-', '-', '-', '-', '-', '-']]",1,37,False,Flag
4384498352,12,0,3,r,"[['(0)', '(1)', '-', '-', 'F', '(1)', '(0)', '(0)'], ['(0)', '(1)', '-', '(3)', '(2)', '(2)', '(0)', '(0)'], ['(0)', '(1)', '(1)', '(2)', 'F', '(1)', '(0)', '(0)'], ['(1)', '(2)', '-', '(3)', '(3)', '(3)', '(2)', '(1)'], ['-', '-', '-', '-', '-', '-', '-', '-'], ['-', '-', '-', '-', '-', '-', '-', '-'], ['-', '-', '-', '-', '-', '-', '-', '-'], ['-', '-', '-', '-', '-', '-', '-', '-']]",2,36,False,Safe
4384498352,13,0,2,r,"[['(0)', '(1)', '-', '(2)', 'F', '(1)', '(0)', '(0)'], ['(0)', '(1)', '-', '(3)', '(2)', '(2)', '(0)', '(0)'], ['(0)', '(1)', '(1)', '(2)', 'F', '(1)', '(0)', '(0)'], ['(1)', '(2)', '-', '(3)', '(3)', '(3)', '(2)', '(1)'], ['-', '-', '-', '-', '-', '-', '-', '-'], ['-', '-', '-', '-', '-', '-', '-', '-'], ['-', '-', '-', '-', '-', '-', '-', '-'], ['-', '-', '-', '-', '-', '-', '-', '-']]",2,35,False,Bayesian
4384498352,14,1,2,f,"[['(0)', '(1)', '(1)', '(2)', 'F', '(1)', '(0)', '(0)'], ['(0)', '(1)', '-', '(3)', '(2)', '(2)', '(0)', '(0)'], ['(0)', '(1)', '(1)', '(2)', 'F', '(1)', '(0)', '(0)'], ['(1)', '(2)', '-', '(3)', '(3)', '(3)', '(2)', '(1)'], ['-', '-', '-', '-', '-', '-', '-', '-'], ['-', '-', '-', '-', '-', '-', '-', '-'], ['-', '-', '-', '-', '-', '-', '-', '-'], ['-', '-', '-', '-', '-', '-', '-', '-']]",2,34,False,Flag
4384498352,15,3,2,r,"[['(0)', '(1)', '(1)', '(2)', 'F', '(1)', '(0)', '(0)'], ['(0)', '(1)', 'F', '(3)', '(2)', '(2)', '(0)', '(0)'], ['(0)', '(1)', '(1)', '(2)', 'F', '(1)', '(0)', '(0)'], ['(1)', '(2)', '-', '(3)', '(3)', '(3)', '(2)', '(1)'], ['-', '-', '-', '-', '-', '-', '-', '-'], ['-', '-', '-', '-', '-', '-', '-', '-'], ['-', '-', '-', '-', '-', '-', '-', '-'], ['-', '-', '-', '-', '-', '-', '-', '-']]",3,33,False,Safe
4384498352,16,4,1,f,"[['(0)', '(1)', '(1)', '(2)', 'F', '(1)', '(0)', '(0)'], ['(0)', '(1)', 'F', '(3)', '(2)', '(2)', '(0)', '(0)'], ['(0)', '(1)', '(1)', '(2)', 'F', '(1)', '(0)', '(0)'], ['(1)', '(2)', '(3)', '(3)', '(3)', '(3)', '(2)', '(1)'], ['-', '-', '-', '-', '-', '-', '-', '-'], ['-', '-', '-', '-', '-', '-', '-', '-'], ['-', '-', '-', '-', '-', '-', '-', '-'], ['-', '-', '-', '-', '-', '-', '-', '-']]",3,32,False,Flag
4384498352,17,4,0,r,"[['(0)', '(1)', '(1)', '(2)', 'F', '(1)', '(0)', '(0)'], ['(0)', '(1)', 'F', '(3)', '(2)', '(2)', '(0)', '(0)'], ['(0)', '(1)', '(1)', '(2)', 'F', '(1)', '(0)', '(0)'], ['(1)', '(2)', '(3)', '(3)', '(3)', '(3)', '(2)', '(1)'], ['-', 'F', '-', '-', '-', '-', '-', '-'], ['-', '-', '-', '-', '-', '-', '-', '-'], ['-', '-', '-', '-', '-', '-', '-', '-'], ['-', '-', '-', '-', '-', '-', '-', '-']]",4,31,False,Safe
4384498352,18,5,0,r,"[['(0)', '(1)', '(1)', '(2)', 'F', '(1)', '(0)', '(0)'], ['(0)', '(1)', 'F', '(3)', '(2)', '(2)', '(0)', '(0)'], ['(0)', '(1)', '(1)', '(2)', 'F', '(1)', '(0)', '(0)'], ['(1)', '(2)', '(3)', '(3)', '(3)', '(3)', '(2)', '(1)'], ['(1)', 'F', '-', '-', '-', '-', '-', '-'], ['-', '-', '-', '-', '-', '-', '-', '-'], ['-', '-', '-', '-', '-', '-', '-', '-'], ['-', '-', '-', '-', '-', '-', '-', '-']]",4,30,False,Safe
4384498352,19,6,1,r,"[['(0)', '(1)', '(1)', '(2)', 'F', '(1)', '(0)', '(0)'], ['(0)', '(1)', 'F', '(3)', '(2)', '(2)', '(0)', '(0)'], ['(0)', '(1)', '(1)', '(2)', 'F', '(1)', '(0)', '(0)'], ['(1)', '(2)', '(3)', '(3)', '(3)', '(3)', '(2)', '(1)'], ['(1)', 'F', '-', '-', '-', '-', '-', '-'], ['(1)', '-', '-', '-', '-', '-', '-', '-'], ['-', '-', '-', '-', '-', '-', '-', '-'], ['-', '-', '-', '-', '-', '-', '-', '-']]",4,29,False,Safe
4384498352,20,4,2,f,"[['(0)', '(1)', '(1)', '(2)', 'F', '(1)', '(0)', '(0)'], ['(0)', '(1)', 'F', '(3)', '(2)', '(2)', '(0)', '(0)'], ['(0)', '(1)', '(1)', '(2)', 'F', '(1)', '(0)', '(0)'], ['(1)', '(2)', '(3)', '(3)', '(3)', '(3)', '(2)', '(1)'], ['(1)', 'F', '-', '-', '-', '-', '-', '-'], ['(1)', '(2)', '(3)', '(2)', '(2)', '(2)', '(3)', '-'], ['(0)', '(0)', '(0)', '(0)', '(0)', '(0)', '(2)', '-'], ['(0)', '(0)', '(0)', '(0)', '(0)', '(0)', '(1)', '-']]",4,9,False,Flag
4384498352,21,4,3,f,"[['(0)', '(1)', '(1)', '(2)', 'F', '(1)', '(0)', '(0)'], ['(0)', '(1)', 'F', '(3)', '(2)', '(2)', '(0)', '(0)'], ['(0)', '(1)', '(1)', '(2)', 'F', '(1)', '(0)', '(0)'], ['(1)', '(2)', '(3)', '(3)', '(3)', '(3)', '(2)', '(1)'], ['(1)', 'F', 'F', '-', '-', '-', '-', '-'], ['(1)', '(2)', '(3)', '(2)', '(2)', '(2)', '(3)', '-'], ['(0)', '(0)', '(0)', '(0)', '(0)', '(0)', '(2)', '-'], ['(0)', '(0)', '(0)', '(0)', '(0)', '(0)', '(1)', '-']]",5,8,False,Flag
4384498352,22,4,4,r,"[['(0)', '(1)', '(1)', '(2)', 'F', '(1)', '(0)', '(0)'], ['(0)', '(1)', 'F', '(3)', '(2)', '(2)', '(0)', '(0)'], ['(0)', '(1)', '(1)', '(2)', 'F', '(1)', '(0)', '(0)'], ['(1)', '(2)', '(3)', '(3)', '(3)', '(3)', '(2)', '(1)'], ['(1)', 'F', 'F', 'F', '-', '-', '-', '-'], ['(1)', '(2)', '(3)', '(2)', '(2)', '(2)', '(3)', '-'], ['(0)', '(0)', '(0)', '(0)', '(0)', '(0)', '(2)', '-'], ['(0)', '(0)', '(0)', '(0)', '(0)', '(0)', '(1)', '-']]",6,7,False,Safe
4384498352,23,4,5,f,"[['(0)', '(1)', '(1)', '(2)', 'F', '(1)', '(0)', '(0)'], ['(0)', '(1)', 'F', '(3)', '(2)', '(2)', '(0)', '(0)'], ['(0)', '(1)', '(1)', '(2)', 'F', '(1)', '(0)', '(0)'], ['(1)', '(2)', '(3)', '(3)', '(3)', '(3)', '(2)', '(1)'], ['(1)', 'F', 'F', 'F', '(2)', '-', '-', '-'], ['(1)', '(2)', '(3)', '(2)', '(2)', '(2)', '(3)', '-'], ['(0)', '(0)', '(0)', '(0)', '(0)', '(0)', '(2)', '-'], ['(0)', '(0)', '(0)', '(0)', '(0)', '(0)', '(1)', '-']]",6,6,False,Flag
4384498352,24,4,6,f,"[['(0)', '(1)', '(1)', '(2)', 'F', '(1)', '(0)', '(0)'], ['(0)', '(1)', 'F', '(3)', '(2)', '(2)', '(0)', '(0)'], ['(0)', '(1)', '(1)', '(2)', 'F', '(1)', '(0)', '(0)'], ['(1)', '(2)', '(3)', '(3)', '(3)', '(3)', '(2)', '(1)'], ['(1)', 'F', 'F', 'F', '(2)', 'F', '-', '-'], ['(1)', '(2)', '(3)', '(2)', '(2)', '(2)', '(3)', '-'], ['(0)', '(0)', '(0)', '(0)', '(0)', '(0)', '(2)', '-'], ['(0)', '(0)', '(0)', '(0)', '(0)', '(0)', '(1)', '-']]",7,5,False,Flag
4384498352,25,4,7,r,"[['(0)', '(1)', '(1)', '(2)', 'F', '(1)', '(0)', '(0)'], ['(0)', '(1)', 'F', '(3)', '(2)', '(2)', '(0)', '(0)'], ['(0)', '(1)', '(1)', '(2)', 'F', '(1)', '(0)', '(0)'], ['(1)', '(2)', '(3)', '(3)', '(3)', '(3)', '(2)', '(1)'], ['(1)', 'F', 'F', 'F', '(2)', 'F', 'F', '-'], ['(1)', '(2)', '(3)', '(2)', '(2)', '(2)', '(3)', '-'], ['(0)', '(0)', '(0)', '(0)', '(0)', '(0)', '(2)', '-'], ['(0)', '(0)', '(0)', '(0)', '(0)', '(0)', '(1)', '-']]",8,4,False,Safe
4384498352,26,5,7,f,"[['(0)', '(1)', '(1)', '(2)', 'F', '(1)', '(0)', '(0)'], ['(0)', '(1)', 'F', '(3)', '(2)', '(2)', '(0)', '(0)'], ['(0)', '(1)', '(1)', '(2)', 'F', '(1)', '(0)', '(0)'], ['(1)', '(2)', '(3)', '(3)', '(3)', '(3)', '(2)', '(1)'], ['(1)', 'F', 'F', 'F', '(2)', 'F', 'F', '(2)'], ['(1)', '(2)', '(3)', '(2)', '(2)', '(2)', '(3)', '-'], ['(0)', '(0)', '(0)', '(0)', '(0)', '(0)', '(2)', '-'], ['(0)', '(0)', '(0)', '(0)', '(0)', '(0)', '(1)', '-']]",8,3,False,Flag
4384498352,27,6,7,r,"[['(0)', '(1)', '(1)', '(2)', 'F', '(1)', '(0)', '(0)'], ['(0)', '(1)', 'F', '(3)', '(2)', '(2)', '(0)', '(0)'], ['(0)', '(1)', '(1)', '(2)', 'F', '(1)', '(0)', '(0)'], ['(1)', '(2)', '(3)', '(3)', '(3)', '(3)', '(2)', '(1)'], ['(1)', 'F', 'F', 'F', '(2)', 'F', 'F', '(2)'], ['(1)', '(2)', '(3)', '(2)', '(2)', '(2)', '(3)', 'F'], ['(0)', '(0)', '(0)', '(0)', '(0)', '(0)', '(2)', '-'], ['(0)', '(0)', '(0)', '(0)', '(0)', '(0)', '(1)', '-']]",9,2,False,Safe
4384498352,28,7,7,f,"[['(0)', '(1)', '(1)', '(2)', 'F', '(1)', '(0)', '(0)'], ['(0)', '(1)', 'F', '(3)', '(2)', '(2)', '(0)', '(0)'], ['(0)', '(1)', '(1)', '(2)', 'F', '(1)', '(0)', '(0)'], ['(1)', '(2)', '(3)', '(3)', '(3)', '(3)', '(2)', '(1)'], ['(1)', 'F', 'F', 'F', '(2)', 'F', 'F', '(2)'], ['(1)', '(2)', '(3)', '(2)', '(2)', '(2)', '(3)', 'F'], ['(0)', '(0)', '(0)', '(0)', '(0)', '(0)', '(2)', '(2)'], ['(0)', '(0)', '(0)', '(0)', '(0)', '(0)', '(1)', '-']]",9,1,False,Flag
4384498352,End,,,,,,,,Win
4569129648,1,0,0,r,"[['-', '-', '-', '-', '-', '-', '-', '-'], ['-', '-', '-', '-', '-', '-', '-', '-'], ['-', '-', '-', '-', '-', '-', '-', '-'], ['-', '-', '-', '-', '-', '-', '-', '-'], ['-', '-', '-', '-', '-', '-', '-', '-'], ['-', '-', '-', '-', '-', '-', '-', '-'], ['-', '-', '-', '-', '-', '-', '-', '-'], ['-', '-', '-', '-', '-', '-', '-', '-']]",0,64,False,Bayesian
4569129648,2,5,3,f,"[['(0)', '(1)', '-', '-', '-', '-', '-', '-'], ['(0)', '(1)', '-', '(2)', '(2)', '(2)', '(2)', '(1)'], ['(0)', '(1)', '(1)', '(1)', '(0)', '(0)', '(0)', '(0)'], ['(0)', '(0)', '(0)', '(0)', '(1)', '(1)', '(1)', '(0)'], ['(0)', '(0)', '(1)', '(1)', '(2)', '-', '(1)', '(0)'], ['(0)', '(1)', '(2)', '-', '-', '-', '(2)', '(1)'], ['(1)', '(2)', '-', '-', '-', '-', '-', '-'], ['-', '-', '-', '-', '-', '-', '-', '-']]",0,25,False,Flag
4569129648,3,5,4,r,"[['(0)', '(1)', '-', '-', '-', '-', '-', '-'], ['(0)', '(1)', '-', '(2)', '(2)', '(2)', '(2)', '(1)'], ['(0)', '(1)', '(1)', '(1)', '(0)', '(0)', '(0)', '(0)'], ['(0)', '(0)', '(0)', '(0)', '(1)', '(1)', '(1)', '(0)'], ['(0)', '(0)', '(1)', '(1)', '(2)', '-', '(1)', '(0)'], ['(0)', '(1)', '(2)', 'F', '-', '-', '(2)', '(1)'], ['(1)', '(2)', '-', '-', '-', '-', '-', '-'], ['-', '-', '-', '-', '-', '-', '-', '-']]",1,24,False,Safe
4569129648,4,4,5,f,"[['(0)', '(1)', '-', '-', '-', '-', '-', '-'], ['(0)', '(1)', '-', '(2)', '(2)', '(2)', '(2)', '(1)'], ['(0)', '(1)', '(1)', '(1)', '(0)', '(0)', '(0)', '(0)'], ['(0)', '(0)', '(0)', '(0)', '(1)', '(1)', '(1)', '(0)'], ['(0)', '(0)', '(1)', '(1)', '(2)', '-', '(1)', '(0)'], ['(0)', '(1)', '(2)', 'F', '(2)', '-', '(2)', '(1)'], ['(1)', '(2)', '-', '-', '-', '-', '-', '-'], ['-', '-', '-', '-', '-', '-', '-', '-']]",1,23,False,Flag
4569129648,5,5,5,r,"[['(0)', '(1)', '-', '-', '-', '-', '-', '-'], ['(0)', '(1)', '-', '(2)', '(2)', '(2)', '(2)', '(1)'], ['(0)', '(1)', '(1)', '(1)', '(0)', '(0)', '(0)', '(0)'], ['(0)', '(0)', '(0)', '(0)', '(1)', '(1)', '(1)', '(0)'], ['(0)', '(0)', '(1)', '(1)', '(2)', 'F', '(1)', '(0)'], ['(0)', '(1)', '(2)', 'F', '(2)', '-', '(2)', '(1)'], ['(1)', '(2)', '-', '-', '-', '-', '-', '-'], ['-', '-', '-', '-', '-', '-', '-', '-']]",2,22,False,Safe
4569129648,6,6,6,r,"[['(0)', '(1)', '-', '-', '-', '-', '-', '-'], ['(0)', '(1)', '-', '(2)', '(2)', '(2)', '(2)', '(1)'], ['(0)', '(1)', '(1)', '(1)', '(0)', '(0)', '(0)', '(0)'], ['(0)', '(0)', '(0)', '(0)', '(1)', '(1)', '(1)', '(0)'], ['(0)', '(0)', '(1)', '(1)', '(2)', 'F', '(1)', '(0)'], ['(0)', '(1)', '(2)', 'F', '(2)', '(1)', '(2)', '(1)'], ['(1)', '(2)', '-', '-', '-', '-', '-', '-'], ['-', '-', '-', '-', '-', '-', '-', '-']]",2,21,False,Safe
4569129648,7,6,3,r,"[['(0)', '(1)', '-', '-', '-', '-', '-', '-'], ['(0)', '(1)', '-', '(2)', '(2)', '(2)', '(2)', '(1)'], ['(0)', '(1)', '(1)', '(1)', '(0)', '(0)', '(0)', '(0)'], ['(0)', '(0)', '(0)', '(0)', '(1)', '(1)', '(1)', '(0)'], ['(0)', '(0)', '(1)', '(1)', '(2)', 'F', '(1)', '(0)'], ['(0)', '(1)', '(2)', 'F', '(2)', '(1)', '(2)', '(1)'], ['(1)', '(2)', '-', '-', '-', '-', '(1)', '-'], ['-', '-', '-', '-', '-', '-', '-', '-']]",2,20,False,Safe
4569129648,8,6,4,r,"[['(0)', '(1)', '-', '-', '-', '-', '-', '-'], ['(0)', '(1)', '-', '(2)', '(2)', '(2)', '(2)', '(1)'], ['(0)', '(1)', '(1)', '(1)', '(0)', '(0)', '(0)', '(0)'], ['(0)', '(0)', '(0)', '(0)', '(1)', '(1)', '(1)', '(0)'], ['(0)', '(0)', '(1)', '(1)', '(2)', 'F', '(1)', '(0)'], ['(0)', '(1)', '(2)', 'F', '(2)', '(1)', '(2)', '(1)'], ['(1)', '(2)', '-', '(3)', '-', '-', '(1)', '-'], ['-', '-', '-', '-', '-', '-', '-', '-']]",2,19,False,Safe
4569129648,9,6,5,r,"[['(0)', '(1)', '-', '-', '-', '-', '-', '-'], ['(0)', '(1)', '-', '(2)', '(2)', '(2)', '(2)', '(1)'], ['(0)', '(1)', '(1)', '(1)', '(0)', '(0)', '(0)', '(0)'], ['(0)', '(0)', '(0)', '(0)', '(1)', '(1)', '(1)', '(0)'], ['(0)', '(0)', '(1)', '(1)', '(2)', 'F', '(1)', '(0)'], ['(0)', '(1)', '(2)', 'F', '(2)', '(1)', '(2)', '(1)'], ['(1)', '(2)', '-', '(3)', '(2)', '-', '(1)', '-'], ['-', '-', '-', '-', '-', '-', '-', '-']]",2,18,False,Safe
4569129648,10,6,7,f,"[['(0)', '(1)', '-', '-', '-', '-', '-', '-'], ['(0)', '(1)', '-', '(2)', '(2)', '(2)', '(2)', '(1)'], ['(0)', '(1)', '(1)', '(1)', '(0)', '(0)', '(0)', '(0)'], ['(0)', '(0)', '(0)', '(0)', '(1)', '(1)', '(1)', '(0)'], ['(0)', '(0)', '(1)', '(1)', '(2)', 'F', '(1)', '(0)'], ['(0)', '(1)', '(2)', 'F', '(2)', '(1)', '(2)', '(1)'], ['(1)', '(2)', '-', '(3)', '(2)', '(1)', '(1)', '-'], ['-', '-', '-', '-', '-', '-', '-', '-']]",2,17,False,Flag
4569129648,11,7,5,r,"[['(0)', '(1)', '-', '-', '-', '-', '-', '-'], ['(0)', '(1)', '-', '(2)', '(2)', '(2)', '(2)', '(1)'], ['(0)', '(1)', '(1)', '(1)', '(0)', '(0)', '(0)', '(0)'], ['(0)', '(0)', '(0)', '(0)', '(1)', '(1)', '(1)', '(0)'], ['(0)', '(0)', '(1)', '(1)', '(2)', 'F', '(1)', '(0)'], ['(0)', '(1)', '(2)', 'F', '(2)', '(1)', '(2)', '(1)'], ['(1)', '(2)', '-', '(3)', '(2)', '(1)', '(1)', 'F'], ['-', '-', '-', '-', '-', '-', '-', '-']]",3,16,False,Safe
4569129648,12,7,6,r,"[['(0)', '(1)', '-', '-', '-', '-', '-', '-'], ['(0)', '(1)', '-', '(2)', '(2)', '(2)', '(2)', '(1)'], ['(0)', '(1)', '(1)', '(1)', '(0)', '(0)', '(0)', '(0)'], ['(0)', '(0)', '(0)', '(0)', '(1)', '(1)', '(1)', '(0)'], ['(0)', '(0)', '(1)', '(1)', '(2)', 'F', '(1)', '(0)'], ['(0)', '(1)', '(2)', 'F', '(2)', '(1)', '(2)', '(1)'], ['(1)', '(2)', '-', '(3)', '(2)', '(1)', '(1)', 'F'], ['-', '-', '-', '-', '-', '(1)', '-', '-']]",3,15,False,Safe
4569129648,13,7,7,r,"[['(0)', '(1)', '-', '-', '-', '-', '-', '-'], ['(0)', '(1)', '-', '(2)', '(2)', '(2)', '(2)', '(1)'], ['(0)', '(1)', '(1)', '(1)', '(0)', '(0)', '(0)', '(0)'], ['(0)', '(0)', '(0)', '(0)', '(1)', '(1)', '(1)', '(0)'], ['(0)', '(0)', '(1)', '(1)', '(2)', 'F', '(1)', '(0)'], ['(0)', '(1)', '(2)', 'F', '(2)', '(1)', '(2)', '(1)'], ['(1)', '(2)', '-', '(3)', '(2)', '(1)', '(1)', 'F'], ['-', '-', '-', '-', '-', '(1)', '(1)', '-']]",3,14,False,Safe
4569129648,14,7,4,f,"[['(0)', '(1)', '-', '-', '-', '-', '-', '-'], ['(0)', '(1)', '-', '(2)', '(2)', '(2)', '(2)', '(1)'], ['(0)', '(1)', '(1)', '(1)', '(0)', '(0)', '(0)', '(0)'], ['(0)', '(0)', '(0)', '(0)', '(1)', '(1)', '(1)', '(0)'], ['(0)', '(0)', '(1)', '(1)', '(2)', 'F', '(1)', '(0)'], ['(0)', '(1)', '(2)', 'F', '(2)', '(1)', '(2)', '(1)'], ['(1)', '(2)', '-', '(3)', '(2)', '(1)', '(1)', 'F'], ['-', '-', '-', '-', '-', '(1)', '(1)', '(1)']]",3,13,False,Flag
4569129648,15,7,3,r,"[['(0)', '(1)', '-', '-', '-', '-', '-', '-'], ['(0)', '(1)', '-', '(2)', '(2)', '(2)', '(2)', '(1)'], ['(0)', '(1)', '(1)', '(1)', '(0)', '(0)', '(0)', '(0)'], ['(0)', '(0)', '(0)', '(0)', '(1)', '(1)', '(1)', '(0)'], ['(0)', '(0)', '(1)', '(1)', '(2)', 'F', '(1)', '(0)'], ['(0)', '(1)', '(2)', 'F', '(2)', '(1)', '(2)', '(1)'], ['(1)', '(2)', '-', '(3)', '(2)', '(1)', '(1)', 'F'], ['-', '-', '-', '-', 'F', '(1)', '(1)', '(1)']]",4,12,False,Safe
4569129648,16,6,2,f,"[['(0)', '(1)', '-', '-', '-', '-', '-', '-'], ['(0)', '(1)', '-', '(2)', '(2)', '(2)', '(2)', '(1)'], ['(0)', '(1)', '(1)', '(1)', '(0)', '(0)', '(0)', '(0)'], ['(0)', '(0)', '(0)', '(0)', '(1)', '(1)', '(1)', '(0)'], ['(0)', '(0)', '(1)', '(1)', '(2)', 'F', '(1)', '(0)'], ['(0)', '(1)', '(2)', 'F', '(2)', '(1)', '(2)', '(1)'], ['(1)', '(2)', '-', '(3)', '(2)', '(1)', '(1)', 'F'], ['-', '-', '-', '(2)', 'F', '(1)', '(1)', '(1)']]",4,11,False,Flag
4569129648,17,7,2,r,"[['(0)', '(1)', '-', '-', '-', '-', '-', '-'], ['(0)', '(1)', '-', '(2)', '(2)', '(2)', '(2)', '(1)'], ['(0)', '(1)', '(1)', '(1)', '(0)', '(0)', '(0)', '(0)'], ['(0)', '(0)', '(0)', '(0)', '(1)', '(1)', '(1)', '(0)'], ['(0)', '(0)', '(1)', '(1)', '(2)', 'F', '(1)', '(0)'], ['(0)', '(1)', '(2)', 'F', '(2)', '(1)', '(2)', '(1)'], ['(1)', '(2)', 'F', '(3)', '(2)', '(1)', '(1)', 'F'], ['-', '-', '-', '(2)', 'F', '(1)', '(1)', '(1)']]",5,10,False,Safe
4569129648,18,7,1,r,"[['(0)', '(1)', '-', '-', '-', '-', '-', '-'], ['(0)', '(1)', '-', '(2)', '(2)', '(2)', '(2)', '(1)'], ['(0)', '(1)', '(1)', '(1)', '(0)', '(0)', '(0)', '(0)'], ['(0)', '(0)', '(0)', '(0)', '(1)', '(1)', '(1)', '(0)'], ['(0)', '(0)', '(1)', '(1)', '(2)', 'F', '(1)', '(0)'], ['(0)', '(1)', '(2)', 'F', '(2)', '(1)', '(2)', '(1)'], ['(1)', '(2)', 'F', '(3)', '(2)', '(1)', '(1)', 'F'], ['-', '-', '(1)', '(2)', 'F', '(1)', '(1)', '(1)']]",5,9,False,Safe
4569129648,19,1,2,f,"[['(0)', '(1)', '-', '-', '-', '-', '-', '-'], ['(0)', '(1)', '-', '(2)', '(2)', '(2)', '(2)', '(1)'], ['(0)', '(1)', '(1)', '(1)', '(0)', '(0)', '(0)', '(0)'], ['(0)', '(0)', '(0)', '(0)', '(1)', '(1)', '(1)', '(0)'], ['(0)', '(0)', '(1)', '(1)', '(2)', 'F', '(1)', '(0)'], ['(0)', '(1)', '(2)', 'F', '(2)', '(1)', '(2)', '(1)'], ['(1)', '(2)', 'F', '(3)', '(2)', '(1)', '(1)', 'F'], ['-', '(2)', '(1)', '(2)', 'F', '(1)', '(1)', '(1)']]",5,8,False,Flag
4569129648,20,0,2,r,"[['(0)', '(1)', '-', '-', '-', '-', '-', '-'], ['(0)', '(1)', 'F', '(2)', '(2)', '(2)', '(2)', '(1)'], ['(0)', '(1)', '(1)', '(1)', '(0)', '(0)', '(0)', '(0)'], ['(0)', '(0)', '(0)', '(0)', '(1)', '(1)', '(1)', '(0)'], ['(0)', '(0)', '(1)', '(1)', '(2)', 'F', '(1)', '(0)'], ['(0)', '(1)', '(2)', 'F', '(2)', '(1)', '(2)', '(1)'], ['(1)', '(2)', 'F', '(3)', '(2)', '(1)', '(1)', 'F'], ['-', '(2)', '(1)', '(2)', 'F', '(1)', '(1)', '(1)']]",6,7,False,Safe
4569129648,21,0,3,r,"[['(0)', '(1)', '(1)', '-', '-', '-', '-', '-'], ['(0)', '(1)', 'F', '(2)', '(2)', '(2)', '(2)', '(1)'], ['(0)', '(1)', '(1)', '(1)', '(0)', '(0)', '(0)', '(0)'], ['(0)', '(0)', '(0)', '(0)', '(1)', '(1)', '(1)', '(0)'], ['(0)', '(0)', '(1)', '(1)', '(2)', 'F', '(1)', '(0)'], ['(0)', '(1)', '(2)', 'F', '(2)', '(1)', '(2)', '(1)'], ['(1)', '(2)', 'F', '(3)', '(2)', '(1)', '(1)', 'F'], ['-', '(2)', '(1)', '(2)', 'F', '(1)', '(1)', '(1)']]",6,6,False,Safe
4569129648,22,7,0,f,"[['(0)', '(1)', '(1)', '(2)', '-', '-', '-', '-'], ['(0)', '(1)', 'F', '(2)', '(2)', '(2)', '(2)', '(1)'], ['(0)', '(1)', '(1)', '(1)', '(0)', '(0)', '(0)', '(0)'], ['(0)', '(0)', '(0)', '(0)', '(1)', '(1)', '(1)', '(0)'], ['(0)', '(0)', '(1)', '(1)', '(2)', 'F', '(1)', '(0)'], ['(0)', '(1)', '(2)', 'F', '(2)', '(1)', '(2)', '(1)'], ['(1)', '(2)', 'F', '(3)', '(2)', '(1)', '(1)', 'F'], ['-', '(2)', '(1)', '(2)', 'F', '(1)', '(1)', '(1)']]",6,5,False,Flag
4569129648,23,0,4,f,"[['(0)', '(1)', '(1)', '(2)', '-', '-', '-', '-'], ['(0)', '(1)', 'F', '(2)', '(2)', '(2)', '(2)', '(1)'], ['(0)', '(1)', '(1)', '(1)', '(0)', '(0)', '(0)', '(0)'], ['(0)', '(0)', '(0)', '(0)', '(1)', '(1)', '(1)', '(0)'], ['(0)', '(0)', '(1)', '(1)', '(2)', 'F', '(1)', '(0)'], ['(0)', '(1)', '(2)', 'F', '(2)', '(1)', '(2)', '(1)'], ['(1)', '(2)', 'F', '(3)', '(2)', '(1)', '(1)', 'F'], ['F', '(2)', '(1)', '(2)', 'F', '(1)', '(1)', '(1)']]",7,4,False,Flag
4569129648,24,0,5,f,"[['(0)', '(1)', '(1)', '(2)', 'F', '-', '-', '-'], ['(0)', '(1)', 'F', '(2)', '(2)', '(2)', '(2)', '(1)'], ['(0)', '(1)', '(1)', '(1)', '(0)', '(0)', '(0)', '(0)'], ['(0)', '(0)', '(0)', '(0)', '(1)', '(1)', '(1)', '(0)'], ['(0)', '(0)', '(1)', '(1)', '(2)', 'F', '(1)', '(0)'], ['(0)', '(1)', '(2)', 'F', '(2)', '(1)', '(2)', '(1)'], ['(1)', '(2)', 'F', '(3)', '(2)', '(1)', '(1)', 'F'], ['F', '(2)', '(1)', '(2)', 'F', '(1)', '(1)', '(1)']]",8,3,False,Flag
4569129648,25,0,6,r,"[['(0)', '(1)', '(1)', '(2)', 'F', 'F', '-', '-'], ['(0)', '(1)', 'F', '(2)', '(2)', '(2)', '(2)', '(1)'], ['(0)', '(1)', '(1)', '(1)', '(0)', '(0)', '(0)', '(0)'], ['(0)', '(0)', '(0)', '(0)', '(1)', '(1)', '(1)', '(0)'], ['(0)', '(0)', '(1)', '(1)', '(2)', 'F', '(1)', '(0)'], ['(0)', '(1)', '(2)', 'F', '(2)', '(1)', '(2)', '(1)'], ['(1)', '(2)', 'F', '(3)', '(2)', '(1)', '(1)', 'F'], ['F', '(2)', '(1)', '(2)', 'F', '(1)', '(1)', '(1)']]",9,2,False,Safe
4569129648,26,0,7,f,"[['(0)', '(1)', '(1)', '(2)', 'F', 'F', '(2)', '-'], ['(0)', '(1)', 'F', '(2)', '(2)', '(2)', '(2)', '(1)'], ['(0)', '(1)', '(1)', '(1)', '(0)', '(0)', '(0)', '(0)'], ['(0)', '(0)', '(0)', '(0)', '(1)', '(1)', '(1)', '(0)'], ['(0)', '(0)', '(1)', '(1)', '(2)', 'F', '(1)', '(0)'], ['(0)', '(1)', '(2)', 'F', '(2)', '(1)', '(2)', '(1)'], ['(1)', '(2)', 'F', '(3)', '(2)', '(1)', '(1)', 'F'], ['F', '(2)', '(1)', '(2)', 'F', '(1)', '(1)', '(1)']]",9,1,False,Flag
4569129648,End,,,,,,,,Win
4405797552,1,0,0,r,"[['-', '-', '-', '-', '-', '-', '-', '-'], ['-', '-', '-', '-', '-', '-', '-', '-'], ['-', '-', '-', '-', '-', '-', '-', '-'], ['-', '-', '-', '-', '-', '-', '-', '-'], ['-', '-', '-', '-', '-', '-', '-', '-'], ['-', '-', '-', '-', '-', '-', '-', '-'], ['-', '-', '-', '-', '-', '-', '-', '-'], ['-', '-', '-', '-', '-', '-', '-', '-']]",0,64,True,Ongoing
4405797552,2,6,2,r,"[['(0)', '(1)', '-', '-', '-', '-', '-', '-'], ['(0)', '(1)', '-', '-', '-', '-', '-', '-'], ['(0)', '(1)', '-', '-', '-', '-', '-', '-'], ['(0)', '(1)', '-', '-', '-', '-', '-', '-'], ['(0)', '(1)', '-', '-', '-', '-', '-', '-'], ['(1)', '(1)', '-', '-', '-', '-', '-', '-'], ['-', '-', '-', '-', '-', '-', '-', '-'], ['-', '-', '-', '-', '-', '-', '-', '-']]",0,52,True,Ongoing
4405797552,3,5,3,r,"[['(0)', '(1)', '-', '-', '-', '-', '-', '-'], ['(0)', '(1)', '-', '-', '-', '-', '-', '-'], ['(0)', '(1)', '-', '-', '-', '-', '-', '-'], ['(0)', '(1)', '-', '-', '-', '-', '-', '-'], ['(0)', '(1)', '-', '-', '-', '-', '-', '-'], ['(1)', '(1)', '-', '-', '-', '-', '-', '-'], ['-', '-', '(2)', '-', '-', '-', '-', '-'], ['-', '-', '-', '-', '-', '-', '-', '-']]",0,51,True,Ongoing
4405797552,End,,,,,,,,Loss
4472382128,1,0,0,r,"[['-', '-', '-', '-', '-', '-', '-', '-'], ['-', '-', '-', '-', '-', '-', '-', '-'], ['-', '-', '-', '-', '-', '-', '-', '-'], ['-', '-', '-', '-', '-', '-', '-', '-'], ['-', '-', '-', '-', '-', '-', '-', '-'], ['-', '-', '-', '-', '-', '-', '-', '-'], ['-', '-', '-', '-', '-', '-', '-', '-'], ['-', '-', '-', '-', '-', '-', '-', '-']]",0,64,True,Ongoing
4472382128,2,3,1,f,"[['(0)', '(0)', '(0)', '(0)', '(1)', '-', '-', '-'], ['(1)', '(1)', '(0)', '(0)', '(1)', '(2)', '-', '-'], ['-', '(2)', '(1)', '(0)', '(0)', '(1)', '-', '-'], ['-', '-', '(1)', '(0)', '(1)', '(1)', '-', '-'], ['-', '-', '(2)', '(0)', '(1)', '-', '-', '-'], ['-', '-', '(2)', '(1)', '(2)', '-', '-', '-'], ['-', '-', '-', '-', '-', '-', '-', '-'], ['-', '-', '-', '-', '-', '-', '-', '-']]",0,38,True,Ongoing
4472382128,3,4,1,r,"[['(0)', '(0)', '(0)', '(0)', '(1)', '-', '-', '-'], ['(1)', '(1)', '(0)', '(0)', '(1)', '(2)', '-', '-'], ['-', '(2)', '(1)', '(0)', '(0)', '(1)', '-', '-'], ['-', 'F', '(1)', '(0)', '(1)', '(1)', '-', '-'], ['-', '-', '(2)', '(0)', '(1)', '-', '-', '-'], ['-', '-', '(2)', '(1)', '(2)', '-', '-', '-'], ['-', '-', '-', '-', '-', '-', '-', '-'], ['-', '-', '-', '-', '-', '-', '-', '-']]",1,37,True,Ongoing
4472382128,4,4,5,f,"[['(0)', '(0)', '(0)', '(0)', '(1)', '-', '-', '-'], ['(1)', '(1)', '(0)', '(0)', '(1)', '(2)', '-', '-'], ['-', '(2)', '(1)', '(0)', '(0)', '(1)', '-', '-'], ['-', 'F', '(1)', '(0)', '(1)', '(1)', '-', '-'], ['-', '(2)', '(2)', '(0)', '(1)', '-', '-', '-'], ['-', '-', '(2)', '(1)', '(2)', '-', '-', '-'], ['-', '-', '-', '-', '-', '-', '-', '-'], ['-', '-', '-', '-', '-', '-', '-', '-']]",1,36,True,Ongoing
4472382128,5,5,5,r,"[['(0)', '(0)', '(0)', '(0)', '(1)', '-', '-', '-'], ['(1)', '(1)', '(0)', '(0)', '(1)', '(2)', '-', '-'], ['-', '(2)', '(1)', '(0)', '(0)', '(1)', '-', '-'], ['-', 'F', '(1)', '(0)', '(1)', '(1)', '-', '-'], ['-', '(2)', '(2)', '(0)', '(1)', 'F', '-', '-'], ['-', '-', '(2)', '(1)', '(2)', '-', '-', '-'], ['-', '-', '-', '-', '-', '-', '-', '-'], ['-', '-', '-', '-', '-', '-', '-', '-']]",2,35,True,Ongoing
4472382128,6,4,6,r,"[['(0)', '(0)', '(0)', '(0)', '(1)', '-', '-', '-'], ['(1)', '(1)', '(0)', '(0)', '(1)', '(2)', '-', '-'], ['-', '(2)', '(1)', '(0)', '(0)', '(1)', '-', '-'], ['-', 'F', '(1)', '(0)', '(1)', '(1)', '-', '-'], ['-', '(2)', '(2)', '(0)', '(1)', 'F', '-', '-'], ['-', '-', '(2)', '(1)', '(2)', '(2)', '-', '-'], ['-', '-', '-', '-', '-', '-', '-', '-'], ['-', '-', '-', '-', '-', '-', '-', '-']]",2,34,True,Ongoing
4472382128,7,2,6,r,"[['(0)', '(0)', '(0)', '(0)', '(1)', '-', '-', '-'], ['(1)', '(1)', '(0)', '(0)', '(1)', '(2)', '-', '-'], ['-', '(2)', '(1)', '(0)', '(0)', '(1)', '-', '-'], ['-', 'F', '(1)', '(0)', '(1)', '(1)', '-', '-'], ['-', '(2)', '(2)', '(0)', '(1)', 'F', '(2)', '-'], ['-', '-', '(2)', '(1)', '(2)', '(2)', '-', '-'], ['-', '-', '-', '-', '-', '-', '-', '-'], ['-', '-', '-', '-', '-', '-', '-', '-']]",2,33,True,Ongoing
4472382128,8,3,6,r,"[['(0)', '(0)', '(0)', '(0)', '(1)', '-', '-', '-'], ['(1)', '(1)', '(0)', '(0)', '(1)', '(2)', '-', '-'], ['-', '(2)', '(1)', '(0)', '(0)', '(1)', '(2)', '-'], ['-', 'F', '(1)', '(0)', '(1)', '(1)', '-', '-'], ['-', '(2)', '(2)', '(0)', '(1)', 'F', '(2)', '-'], ['-', '-', '(2)', '(1)', '(2)', '(2)', '-', '-'], ['-', '-', '-', '-', '-', '-', '-', '-'], ['-', '-', '-', '-', '-', '-', '-', '-']]",2,32,True,Ongoing
4472382128,9,1,6,f,"[['(0)', '(0)', '(0)', '(0)', '(1)', '-', '-', '-'], ['(1)', '(1)', '(0)', '(0)', '(1)', '(2)', '-', '-'], ['-', '(2)', '(1)', '(0)', '(0)', '(1)', '(2)', '-'], ['-', 'F', '(1)', '(0)', '(1)', '(1)', '(2)', '-'], ['-', '(2)', '(2)', '(0)', '(1)', 'F', '(2)', '-'], ['-', '-', '(2)', '(1)', '(2)', '(2)', '-', '-'], ['-', '-', '-', '-', '-', '-', '-', '-'], ['-', '-', '-', '-', '-', '-', '-', '-']]",2,31,True,Ongoing
4472382128,10,2,0,f,"[['(0)', '(0)', '(0)', '(0)', '(1)', '-', '-', '-'], ['(1)', '(1)', '(0)', '(0)', '(1)', '(2)', 'F', '-'], ['-', '(2)', '(1)', '(0)', '(0)', '(1)', '(2)', '-'], ['-', 'F', '(1)', '(0)', '(1)', '(1)', '(2)', '-'], ['-', '(2)', '(2)', '(0)', '(1)', 'F', '(2)', '-'], ['-', '-', '(2)', '(1)', '(2)', '(2)', '-', '-'], ['-', '-', '-', '-', '-', '-', '-', '-'], ['-', '-', '-', '-', '-', '-', '-', '-']]",3,30,True,Ongoing
4472382128,11,3,0,r,"[['(0)', '(0)', '(0)', '(0)', '(1)', '-', '-', '-'], ['(1)', '(1)', '(0)', '(0)', '(1)', '(2)', 'F', '-'], ['F', '(2)', '(1)', '(0)', '(0)', '(1)', '(2)', '-'], ['-', 'F', '(1)', '(0)', '(1)', '(1)', '(2)', '-'], ['-', '(2)', '(2)', '(0)', '(1)', 'F', '(2)', '-'], ['-', '-', '(2)', '(1)', '(2)', '(2)', '-', '-'], ['-', '-', '-', '-', '-', '-', '-', '-'], ['-', '-', '-', '-', '-', '-', '-', '-']]",4,29,True,Ongoing
4472382128,12,4,0,r,"[['(0)', '(0)', '(0)', '(0)', '(1)', '-', '-', '-'], ['(1)', '(1)', '(0)', '(0)', '(1)', '(2)', 'F', '-'], ['F', '(2)', '(1)', '(0)', '(0)', '(1)', '(2)', '-'], ['(2)', 'F', '(1)', '(0)', '(1)', '(1)', '(2)', '-'], ['-', '(2)', '(2)', '(0)', '(1)', 'F', '(2)', '-'], ['-', '-', '(2)', '(1)', '(2)', '(2)', '-', '-'], ['-', '-', '-', '-', '-', '-', '-', '-'], ['-', '-', '-', '-', '-', '-', '-', '-']]",4,28,True,Ongoing
4472382128,13,5,1,f,"[['(0)', '(0)', '(0)', '(0)', '(1)', '-', '-', '-'], ['(1)', '(1)', '(0)', '(0)', '(1)', '(2)', 'F', '-'], ['F', '(2)', '(1)', '(0)', '(0)', '(1)', '(2)', '-'], ['(2)', 'F', '(1)', '(0)', '(1)', '(1)', '(2)', '-'], ['(2)', '(2)', '(2)', '(0)', '(1)', 'F', '(2)', '-'], ['-', '-', '(2)', '(1)', '(2)', '(2)', '-', '-'], ['-', '-', '-', '-', '-', '-', '-', '-'], ['-', '-', '-', '-', '-', '-', '-', '-']]",4,27,True,Ongoing
4472382128,14,5,0,r,"[['(0)', '(0)', '(0)', '(0)', '(1)', '-', '-', '-'], ['(1)', '(1)', '(0)', '(0)', '(1)', '(2)', 'F', '-'], ['F', '(2)', '(1)', '(0)', '(0)', '(1)', '(2)', '-'], ['(2)', 'F', '(1)', '(0)', '(1)', '(1)', '(2)', '-'], ['(2)', '(2)', '(2)', '(0)', '(1)', 'F', '(2)', '-'], ['-', 'F', '(2)', '(1)', '(2)', '(2)', '-', '-'], ['-', '-', '-', '-', '-', '-', '-', '-'], ['-', '-', '-', '-', '-', '-', '-', '-']]",5,26,True,Ongoing
4472382128,15,6,1,r,"[['(0)', '(0)', '(0)', '(0)', '(1)', '-', '-', '-'], ['(1)', '(1)', '(0)', '(0)', '(1)', '(2)', 'F', '-'], ['F', '(2)', '(1)', '(0)', '(0)', '(1)', '(2)', '-'], ['(2)', 'F', '(1)', '(0)', '(1)', '(1)', '(2)', '-'], ['(2)', '(2)', '(2)', '(0)', '(1)', 'F', '(2)', '-'], ['(1)', 'F', '(2)', '(1)', '(2)', '(2)', '-', '-'], ['-', '-', '-', '-', '-', '-', '-', '-'], ['-', '-', '-', '-', '-', '-', '-', '-']]",5,25,True,Ongoing
4472382128,16,6,0,r,"[['(0)', '(0)', '(0)', '(0)', '(1)', '-', '-', '-'], ['(1)', '(1)', '(0)', '(0)', '(1)', '(2)', 'F', '-'], ['F', '(2)', '(1)', '(0)', '(0)', '(1)', '(2)', '-'], ['(2)', 'F', '(1)', '(0)', '(1)', '(1)', '(2)', '-'], ['(2)', '(2)', '(2)', '(0)', '(1)', 'F', '(2)', '-'], ['(1)', 'F', '(2)', '(1)', '(2)', '(2)', '-', '-'], ['-', '(2)', '-', '-', '-', '-', '-', '-'], ['-', '-', '-', '-', '-', '-', '-', '-']]",5,24,True,Ongoing
4472382128,17,7,0,r,"[['(0)', '(0)', '(0)', '(0)', '(1)', '-', '-', '-'], ['(1)', '(1)', '(0)', '(0)', '(1)', '(2)', 'F', '-'], ['F', '(2)', '(1)', '(0)', '(0)', '(1)', '(2)', '-'], ['(2)', 'F', '(1)', '(0)', '(1)', '(1)', '(2)', '-'], ['(2)', '(2)', '(2)', '(0)', '(1)', 'F', '(2)', '-'], ['(1)', 'F', '(2)', '(1)', '(2)', '(2)', '-', '-'], ['(1)', '(2)', '-', '-', '-', '-', '-', '-'], ['-', '-', '-', '-', '-', '-', '-', '-']]",5,23,True,Ongoing
4472382128,18,0,5,f,"[['(0)', '(0)', '(0)', '(0)', '(1)', '-', '-', '-'], ['(1)', '(1)', '(0)', '(0)', '(1)', '(2)', 'F', '-'], ['F', '(2)', '(1)', '(0)', '(0)', '(1)', '(2)', '-'], ['(2)', 'F', '(1)', '(0)', '(1)', '(1)', '(2)', '-'], ['(2)', '(2)', '(2)', '(0)', '(1)', 'F', '(2)', '-'], ['(1)', 'F', '(2)', '(1)', '(2)', '(2)', '-', '-'], ['(1)', '(2)', '-', '-', '-', '-', '-', '-'], ['(0)', '(1)', '-', '-', '-', '-', '-', '-']]",5,21,True,Ongoing
4472382128,19,0,6,r,"[['(0)', '(0)', '(0)', '(0)', '(1)', 'F', '-', '-'], ['(1)', '(1)', '(0)', '(0)', '(1)', '(2)', 'F', '-'], ['F', '(2)', '(1)', '(0)', '(0)', '(1)', '(2)', '-'], ['(2)', 'F', '(1)', '(0)', '(1)', '(1)', '(2)', '-'], ['(2)', '(2)', '(2)', '(0)', '(1)', 'F', '(2)', '-'], ['(1)', 'F', '(2)', '(1)', '(2)', '(2)', '-', '-'], ['(1)', '(2)', '-', '-', '-', '-', '-', '-'], ['(0)', '(1)', '-', '-', '-', '-', '-', '-']]",6,20,True,Ongoing
4472382128,20,0,7,r,"[['(0)', '(0)', '(0)', '(0)', '(1)', 'F', '(2)', '-'], ['(1)', '(1)', '(0)', '(0)', '(1)', '(2)', 'F', '-'], ['F', '(2)', '(1)', '(0)', '(0)', '(1)', '(2)', '-'], ['(2)', 'F', '(1)', '(0)', '(1)', '(1)', '(2)', '-'], ['(2)', '(2)', '(2)', '(0)', '(1)', 'F', '(2)', '-'], ['(1)', 'F', '(2)', '(1)', '(2)', '(2)', '-', '-'], ['(1)', '(2)', '-', '-', '-', '-', '-', '-'], ['(0)', '(1)', '-', '-', '-', '-', '-', '-']]",6,19,True,Ongoing
4472382128,21,1,7,r,"[['(0)', '(0)', '(0)', '(0)', '(1)', 'F', '(2)', '(1)'], ['(1)', '(1)', '(0)', '(0)', '(1)', '(2)', 'F', '-'], ['F', '(2)', '(1)', '(0)', '(0)', '(1)', '(2)', '-'], ['(2)', 'F', '(1)', '(0)', '(1)', '(1)', '(2)', '-'], ['(2)', '(2)', '(2)', '(0)', '(1)', 'F', '(2)', '-'], ['(1)', 'F', '(2)', '(1)', '(2)', '(2)', '-', '-'], ['(1)', '(2)', '-', '-', '-', '-', '-', '-'], ['(0)', '(1)', '-', '-', '-', '-', '-', '-']]",6,18,True,Ongoing
4472382128,22,2,7,r,"[['(0)', '(0)', '(0)', '(0)', '(1)', 'F', '(2)', '(1)'], ['(1)', '(1)', '(0)', '(0)', '(1)', '(2)', 'F', '(1)'], ['F', '(2)', '(1)', '(0)', '(0)', '(1)', '(2)', '-'], ['(2)', 'F', '(1)', '(0)', '(1)', '(1)', '(2)', '-'], ['(2)', '(2)', '(2)', '(0)', '(1)', 'F', '(2)', '-'], ['(1)', 'F', '(2)', '(1)', '(2)', '(2)', '-', '-'], ['(1)', '(2)', '-', '-', '-', '-', '-', '-'], ['(0)', '(1)', '-', '-', '-', '-', '-', '-']]",6,17,True,Ongoing
4472382128,23,3,7,f,"[['(0)', '(0)', '(0)', '(0)', '(1)', 'F', '(2)', '(1)'], ['(1)', '(1)', '(0)', '(0)', '(1)', '(2)', 'F', '(1)'], ['F', '(2)', '(1)', '(0)', '(0)', '(1)', '(2)', '(2)'], ['(2)', 'F', '(1)', '(0)', '(1)', '(1)', '(2)', '-'], ['(2)', '(2)', '(2)', '(0)', '(1)', 'F', '(2)', '-'], ['(1)', 'F', '(2)', '(1)', '(2)', '(2)', '-', '-'], ['(1)', '(2)', '-', '-', '-', '-', '-', '-'], ['(0)', '(1)', '-', '-', '-', '-', '-', '-']]",6,16,True,Ongoing
4472382128,24,5,6,r,"[['(0)', '(0)', '(0)', '(0)', '(1)', 'F', '(2)', '(1)'], ['(1)', '(1)', '(0)', '(0)', '(1)', '(2)', 'F', '(1)'], ['F', '(2)', '(1)', '(0)', '(0)', '(1)', '(2)', '(2)'], ['(2)', 'F', '(1)', '(0)', '(1)', '(1)', '(2)', 'F'], ['(2)', '(2)', '(2)', '(0)', '(1)', 'F', '(2)', '-'], ['(1)', 'F', '(2)', '(1)', '(2)', '(2)', '-', '-'], ['(1)', '(2)', '-', '-', '-', '-', '-', '-'], ['(0)', '(1)', '-', '-', '-', '-', '-', '-']]",7,15,True,Ongoing
4472382128,25,4,7,r,"[['(0)', '(0)', '(0)', '(0)', '(1)', 'F', '(2)', '(1)'], ['(1)', '(1)', '(0)', '(0)', '(1)', '(2)', 'F', '(1)'], ['F', '(2)', '(1)', '(0)', '(0)', '(1)', '(2)', '(2)'], ['(2)', 'F', '(1)', '(0)', '(1)', '(1)', '(2)', 'F'], ['(2)', '(2)', '(2)', '(0)', '(1)', 'F', '(2)', '-'], ['(1)', 'F', '(2)', '(1)', '(2)', '(2)', '(2)', '-'], ['(1)', '(2)', '-', '-', '-', '-', '-', '-'], ['(0)', '(1)', '-', '-', '-', '-', '-', '-']]",7,14,True,Ongoing
4472382128,26,5,7,r,"[['(0)', '(0)', '(0)', '(0)', '(1)', 'F', '(2)', '(1)'], ['(1)', '(1)', '(0)', '(0)', '(1)', '(2)', 'F', '(1)'], ['F', '(2)', '(1)', '(0)', '(0)', '(1)', '(2)', '(2)'], ['(2)', 'F', '(1)', '(0)', '(1)', '(1)', '(2)', 'F'], ['(2)', '(2)', '(2)', '(0)', '(1)', 'F', '(2)', '(1)'], ['(1)', 'F', '(2)', '(1)', '(2)', '(2)', '(2)', '-'], ['(1)', '(2)', '-', '-', '-', '-', '-', '-'], ['(0)', '(1)', '-', '-', '-', '-', '-', '-']]",7,13,True,Ongoing
4472382128,27,6,5,f,"[['(0)', '(0)', '(0)', '(0)', '(1)', 'F', '(2)', '(1)'], ['(1)', '(1)', '(0)', '(0)', '(1)', '(2)', 'F', '(1)'], ['F', '(2)', '(1)', '(0)', '(0)', '(1)', '(2)', '(2)'], ['(2)', 'F', '(1)', '(0)', '(1)', '(1)', '(2)', 'F'], ['(2)', '(2)', '(2)', '(0)', '(1)', 'F', '(2)', '(1)'], ['(1)', 'F', '(2)', '(1)', '(2)', '(2)', '(2)', '(0)'], ['(1)', '(2)', '-', '-', '-', '-', '(2)', '(1)'], ['(0)', '(1)', '-', '-', '-', '-', '-', '-']]",7,10,True,Ongoing
4472382128,28,6,3,r,"[['(0)', '(0)', '(0)', '(0)', '(1)', 'F', '(2)', '(1)'], ['(1)', '(1)', '(0)', '(0)', '(1)', '(2)', 'F', '(1)'], ['F', '(2)', '(1)', '(0)', '(0)', '(1)', '(2)', '(2)'], ['(2)', 'F', '(1)', '(0)', '(1)', '(1)', '(2)', 'F'], ['(2)', '(2)', '(2)', '(0)', '(1)', 'F', '(2)', '(1)'], ['(1)', 'F', '(2)', '(1)', '(2)', '(2)', '(2)', '(0)'], ['(1)', '(2)', '-', '-', '-', 'F', '(2)', '(1)'], ['(0)', '(1)', '-', '-', '-', '-', '-', '-']]",8,9,True,Ongoing
4472382128,29,6,4,r,"[['(0)', '(0)', '(0)', '(0)', '(1)', 'F', '(2)', '(1)'], ['(1)', '(1)', '(0)', '(0)', '(1)', '(2)', 'F', '(1)'], ['F', '(2)', '(1)', '(0)', '(0)', '(1)', '(2)', '(2)'], ['(2)', 'F', '(1)', '(0)', '(1)', '(1)', '(2)', 'F'], ['(2)', '(2)', '(2)', '(0)', '(1)', 'F', '(2)', '(1)'], ['(1)', 'F', '(2)', '(1)', '(2)', '(2)', '(2)', '(0)'], ['(1)', '(2)', '-', '(1)', '-', 'F', '(2)', '(1)'], ['(0)', '(1)', '-', '-', '-', '-', '-', '-']]",8,8,True,Ongoing
4472382128,30,7,4,r,"[['(0)', '(0)', '(0)', '(0)', '(1)', 'F', '(2)', '(1)'], ['(1)', '(1)', '(0)', '(0)', '(1)', '(2)', 'F', '(1)'], ['F', '(2)', '(1)', '(0)', '(0)', '(1)', '(2)', '(2)'], ['(2)', 'F', '(1)', '(0)', '(1)', '(1)', '(2)', 'F'], ['(2)', '(2)', '(2)', '(0)', '(1)', 'F', '(2)', '(1)'], ['(1)', 'F', '(2)', '(1)', '(2)', '(2)', '(2)', '(0)'], ['(1)', '(2)', '-', '(1)', '(1)', 'F', '(2)', '(1)'], ['(0)', '(1)', '-', '-', '-', '-', '-', '-']]",8,7,True,Ongoing
4472382128,31,7,5,r,"[['(0)', '(0)', '(0)', '(0)', '(1)', 'F', '(2)', '(1)'], ['(1)', '(1)', '(0)', '(0)', '(1)', '(2)', 'F', '(1)'], ['F', '(2)', '(1)', '(0)', '(0)', '(1)', '(2)', '(2)'], ['(2)', 'F', '(1)', '(0)', '(1)', '(1)', '(2)', 'F'], ['(2)', '(2)', '(2)', '(0)', '(1)', 'F', '(2)', '(1)'], ['(1)', 'F', '(2)', '(1)', '(2)', '(2)', '(2)', '(0)'], ['(1)', '(2)', '-', '(1)', '(1)', 'F', '(2)', '(1)'], ['(0)', '(1)', '-', '-', '(1)', '-', '-', '-']]",8,6,True,Ongoing
4472382128,32,7,3,r,"[['(0)', '(0)', '(0)', '(0)', '(1)', 'F', '(2)', '(1)'], ['(1)', '(1)', '(0)', '(0)', '(1)', '(2)', 'F', '(1)'], ['F', '(2)', '(1)', '(0)', '(0)', '(1)', '(2)', '(2)'], ['(2)', 'F', '(1)', '(0)', '(1)', '(1)', '(2)', 'F'], ['(2)', '(2)', '(2)', '(0)', '(1)', 'F', '(2)', '(1)'], ['(1)', 'F', '(2)', '(1)', '(2)', '(2)', '(2)', '(0)'], ['(1)', '(2)', '-', '(1)', '(1)', 'F', '(2)', '(1)'], ['(0)', '(1)', '-', '-', '(1)', '(2)', '-', '-']]",8,5,True,Ongoing
4472382128,33,6,2,f,"[['(0)', '(0)', '(0)', '(0)', '(1)', 'F', '(2)', '(1)'], ['(1)', '(1)', '(0)', '(0)', '(1)', '(2)', 'F', '(1)'], ['F', '(2)', '(1)', '(0)', '(0)', '(1)', '(2)', '(2)'], ['(2)', 'F', '(1)', '(0)', '(1)', '(1)', '(2)', 'F'], ['(2)', '(2)', '(2)', '(0)', '(1)', 'F', '(2)', '(1)'], ['(1)', 'F', '(2)', '(1)', '(2)', '(2)', '(2)', '(0)'], ['(1)', '(2)', '-', '(1)', '(1)', 'F', '(2)', '(1)'], ['(0)', '(1)', '-', '(1)', '(1)', '(2)', '-', '-']]",8,4,True,Ongoing
4472382128,34,7,2,r,"[['(0)', '(0)', '(0)', '(0)', '(1)', 'F', '(2)', '(1)'], ['(1)', '(1)', '(0)', '(0)', '(1)', '(2)', 'F', '(1)'], ['F', '(2)', '(1)', '(0)', '(0)', '(1)', '(2)', '(2)'], ['(2)', 'F', '(1)', '(0)', '(1)', '(1)', '(2)', 'F'], ['(2)', '(2)', '(2)', '(0)', '(1)', 'F', '(2)', '(1)'], ['(1)', 'F', '(2)', '(1)', '(2)', '(2)', '(2)', '(0)'], ['(1)', '(2)', 'F', '(1)', '(1)', 'F', '(2)', '(1)'], ['(0)', '(1)', '-', '(1)', '(1)', '(2)', '-', '-']]",9,3,True,Ongoing
4472382128,35,7,6,f,"[['(0)', '(0)', '(0)', '(0)', '(1)', 'F', '(2)', '(1)'], ['(1)', '(1)', '(0)', '(0)', '(1)', '(2)', 'F', '(1)'], ['F', '(2)', '(1)', '(0)', '(0)', '(1)', '(2)', '(2)'], ['(2)', 'F', '(1)', '(0)', '(1)', '(1)', '(2)', 'F'], ['(2)', '(2)', '(2)', '(0)', '(1)', 'F', '(2)', '(1)'], ['(1)', 'F', '(2)', '(1)', '(2)', '(2)', '(2)', '(0)'], ['(1)', '(2)', 'F', '(1)', '(1)', 'F', '(2)', '(1)'], ['(0)', '(1)', '(1)', '(1)', '(1)', '(2)', '-', '-']]",9,2,True,Ongoing
4472382128,36,7,7,r,"[['(0)', '(0)', '(0)', '(0)', '(1)', 'F', '(2)', '(1)'], ['(1)', '(1)', '(0)', '(0)', '(1)', '(2)', 'F', '(1)'], ['F', '(2)', '(1)', '(0)', '(0)', '(1)', '(2)', '(2)'], ['(2)', 'F', '(1)', '(0)', '(1)', '(1)', '(2)', 'F'], ['(2)', '(2)', '(2)', '(0)', '(1)', 'F', '(2)', '(1)'], ['(1)', 'F', '(2)', '(1)', '(2)', '(2)', '(2)', '(0)'], ['(1)', '(2)', 'F', '(1)', '(1)', 'F', '(2)', '(1)'], ['(0)', '(1)', '(1)', '(1)', '(1)', '(2)', 'F', '-']]",10,1,True,Ongoing
4472382128,End,,,,,,,,Win
